{
    "alphabet": [
        "x"
    ],
    "states": [
        {
            "accepting": false,
            "name": "(2,3)",
            "starting": false
        },
        {
            "accepting": true,
            "name": "(1,1)",
            "starting": false
        },
        {
            "accepting": false,
            "name": "(0,0)",
            "starting": true
        },
        {
            "accepting": false,
            "name": "(3,2)",
            "starting": false
        },
        {
            "accepting": false,
            "name": "(2,1)",
            "starting": false
        },
        {
            "accepting": false,
            "name": "(2,2)",
            "starting": false
        }
    ],
    "transitions": [
        {
            "from": "(0,0)",
            "input": "x",
            "to": "(3,2)"
        },
        {
            "from": "(3,2)",
            "input": "x",
            "to": "(1,1)"
        },
        {
            "from": "(1,1)",
            "input": "x",
            "to": "(2,3)"
        },
        {
            "from": "(2,3)",
            "input": "x",
            "to": "(2,2)"
        },
        {
            "from": "(2,2)",
            "input": "x",
            "to": "(2,1)"
        },
        {
            "from": "(2,1)",
            "input": "x",
            "to": "(2,3)"
        }
    ],
    "type": "DFA"
}
